<annotation>
	<folder>Data</folder>
	<filename>004.jpeg</filename>
	<path>C:\Users\sb16\Books\Data\004.jpeg</path>
	<source>
		<database>Unknown</database>
	</source>
	<size>
		<width>2250</width>
		<height>1500</height>
		<depth>3</depth>
	</size>
	<segmented>0</segmented>
	<object>
		<name>bookcase</name>
		<pose>Unspecified</pose>
		<truncated>0</truncated>
		<difficult>0</difficult>
		<bndbox>
			<xmin>226</xmin>
			<ymin>312</ymin>
			<xmax>2037</xmax>
			<ymax>1156</ymax>
		</bndbox>
	</object>
</annotation>
