<annotation>
	<folder>Data</folder>
	<filename>im10838.jpg</filename>
	<path>C:\Users\sb16\Books\Data\im10838.jpg</path>
	<source>
		<database>Unknown</database>
	</source>
	<size>
		<width>500</width>
		<height>375</height>
		<depth>3</depth>
	</size>
	<segmented>0</segmented>
	<object>
		<name>book</name>
		<pose>Unspecified</pose>
		<truncated>0</truncated>
		<difficult>0</difficult>
		<bndbox>
			<xmin>399</xmin>
			<ymin>242</ymin>
			<xmax>487</xmax>
			<ymax>270</ymax>
		</bndbox>
	</object>
	<object>
		<name>book</name>
		<pose>Unspecified</pose>
		<truncated>0</truncated>
		<difficult>0</difficult>
		<bndbox>
			<xmin>407</xmin>
			<ymin>278</ymin>
			<xmax>485</xmax>
			<ymax>308</ymax>
		</bndbox>
	</object>
	<object>
		<name>book</name>
		<pose>Unspecified</pose>
		<truncated>0</truncated>
		<difficult>0</difficult>
		<bndbox>
			<xmin>373</xmin>
			<ymin>252</ymin>
			<xmax>412</xmax>
			<ymax>277</ymax>
		</bndbox>
	</object>
</annotation>
