<annotation>
	<folder>Data</folder>
	<filename>im10814.jpg</filename>
	<path>C:\Users\sb16\Books\Data\im10814.jpg</path>
	<source>
		<database>Unknown</database>
	</source>
	<size>
		<width>500</width>
		<height>500</height>
		<depth>3</depth>
	</size>
	<segmented>0</segmented>
	<object>
		<name>bookcase</name>
		<pose>Unspecified</pose>
		<truncated>0</truncated>
		<difficult>0</difficult>
		<bndbox>
			<xmin>181</xmin>
			<ymin>206</ymin>
			<xmax>496</xmax>
			<ymax>494</ymax>
		</bndbox>
	</object>
</annotation>
