<annotation>
	<folder>Data</folder>
	<filename>im10566.jpg</filename>
	<path>C:\Users\sb16\Books\Data\im10566.jpg</path>
	<source>
		<database>Unknown</database>
	</source>
	<size>
		<width>500</width>
		<height>394</height>
		<depth>3</depth>
	</size>
	<segmented>0</segmented>
	<object>
		<name>book</name>
		<pose>Unspecified</pose>
		<truncated>0</truncated>
		<difficult>0</difficult>
		<bndbox>
			<xmin>191</xmin>
			<ymin>304</ymin>
			<xmax>358</xmax>
			<ymax>345</ymax>
		</bndbox>
	</object>
	<object>
		<name>book</name>
		<pose>Unspecified</pose>
		<truncated>0</truncated>
		<difficult>0</difficult>
		<bndbox>
			<xmin>205</xmin>
			<ymin>241</ymin>
			<xmax>318</xmax>
			<ymax>296</ymax>
		</bndbox>
	</object>
</annotation>
