<annotation>
	<folder>Data</folder>
	<filename>im12767.jpg</filename>
	<path>C:\Users\sb16\Books\Data\im12767.jpg</path>
	<source>
		<database>Unknown</database>
	</source>
	<size>
		<width>375</width>
		<height>500</height>
		<depth>3</depth>
	</size>
	<segmented>0</segmented>
	<object>
		<name>bookcase</name>
		<pose>Unspecified</pose>
		<truncated>0</truncated>
		<difficult>0</difficult>
		<bndbox>
			<xmin>119</xmin>
			<ymin>42</ymin>
			<xmax>266</xmax>
			<ymax>169</ymax>
		</bndbox>
	</object>
</annotation>
