<annotation>
	<folder>Data</folder>
	<filename>im12390.jpg</filename>
	<path>C:\Users\sb16\Books\Data\im12390.jpg</path>
	<source>
		<database>Unknown</database>
	</source>
	<size>
		<width>431</width>
		<height>500</height>
		<depth>3</depth>
	</size>
	<segmented>0</segmented>
	<object>
		<name>book</name>
		<pose>Unspecified</pose>
		<truncated>0</truncated>
		<difficult>0</difficult>
		<bndbox>
			<xmin>134</xmin>
			<ymin>62</ymin>
			<xmax>311</xmax>
			<ymax>204</ymax>
		</bndbox>
	</object>
	<object>
		<name>book</name>
		<pose>Unspecified</pose>
		<truncated>0</truncated>
		<difficult>0</difficult>
		<bndbox>
			<xmin>185</xmin>
			<ymin>203</ymin>
			<xmax>368</xmax>
			<ymax>253</ymax>
		</bndbox>
	</object>
</annotation>
