<annotation>
	<folder>Data</folder>
	<filename>im13486.jpg</filename>
	<path>C:\Users\sb16\Books\Data\im13486.jpg</path>
	<source>
		<database>Unknown</database>
	</source>
	<size>
		<width>374</width>
		<height>500</height>
		<depth>3</depth>
	</size>
	<segmented>0</segmented>
	<object>
		<name>book</name>
		<pose>Unspecified</pose>
		<truncated>0</truncated>
		<difficult>0</difficult>
		<bndbox>
			<xmin>9</xmin>
			<ymin>5</ymin>
			<xmax>369</xmax>
			<ymax>492</ymax>
		</bndbox>
	</object>
</annotation>
