<annotation>
	<folder>Data</folder>
	<filename>im15036.jpg</filename>
	<path>C:\Users\sb16\Books\Data\im15036.jpg</path>
	<source>
		<database>Unknown</database>
	</source>
	<size>
		<width>332</width>
		<height>500</height>
		<depth>3</depth>
	</size>
	<segmented>0</segmented>
	<object>
		<name>bookcase</name>
		<pose>Unspecified</pose>
		<truncated>1</truncated>
		<difficult>0</difficult>
		<bndbox>
			<xmin>1</xmin>
			<ymin>250</ymin>
			<xmax>239</xmax>
			<ymax>499</ymax>
		</bndbox>
	</object>
	<object>
		<name>bookcase</name>
		<pose>Unspecified</pose>
		<truncated>0</truncated>
		<difficult>0</difficult>
		<bndbox>
			<xmin>3</xmin>
			<ymin>3</ymin>
			<xmax>329</xmax>
			<ymax>424</ymax>
		</bndbox>
	</object>
	<object>
		<name>bookcase</name>
		<pose>Unspecified</pose>
		<truncated>0</truncated>
		<difficult>0</difficult>
		<bndbox>
			<xmin>154</xmin>
			<ymin>4</ymin>
			<xmax>324</xmax>
			<ymax>138</ymax>
		</bndbox>
	</object>
</annotation>
