<annotation>
	<folder>Data</folder>
	<filename>im15366.jpg</filename>
	<path>C:\Users\sb16\Books\Data\im15366.jpg</path>
	<source>
		<database>Unknown</database>
	</source>
	<size>
		<width>500</width>
		<height>333</height>
		<depth>3</depth>
	</size>
	<segmented>0</segmented>
	<object>
		<name>bookcase</name>
		<pose>Unspecified</pose>
		<truncated>1</truncated>
		<difficult>0</difficult>
		<bndbox>
			<xmin>2</xmin>
			<ymin>3</ymin>
			<xmax>500</xmax>
			<ymax>177</ymax>
		</bndbox>
	</object>
	<object>
		<name>bookcase</name>
		<pose>Unspecified</pose>
		<truncated>1</truncated>
		<difficult>0</difficult>
		<bndbox>
			<xmin>2</xmin>
			<ymin>182</ymin>
			<xmax>207</xmax>
			<ymax>333</ymax>
		</bndbox>
	</object>
</annotation>
