<annotation>
	<folder>Data</folder>
	<filename>im15055.jpg</filename>
	<path>C:\Users\sb16\Books\Data\im15055.jpg</path>
	<source>
		<database>Unknown</database>
	</source>
	<size>
		<width>500</width>
		<height>377</height>
		<depth>3</depth>
	</size>
	<segmented>0</segmented>
	<object>
		<name>bookcase</name>
		<pose>Unspecified</pose>
		<truncated>0</truncated>
		<difficult>0</difficult>
		<bndbox>
			<xmin>333</xmin>
			<ymin>27</ymin>
			<xmax>430</xmax>
			<ymax>271</ymax>
		</bndbox>
	</object>
</annotation>
