<annotation>
	<folder>Data</folder>
	<filename>im16996.jpg</filename>
	<path>C:\Users\sb16\Books\Data\im16996.jpg</path>
	<source>
		<database>Unknown</database>
	</source>
	<size>
		<width>500</width>
		<height>375</height>
		<depth>3</depth>
	</size>
	<segmented>0</segmented>
	<object>
		<name>book</name>
		<pose>Unspecified</pose>
		<truncated>1</truncated>
		<difficult>0</difficult>
		<bndbox>
			<xmin>6</xmin>
			<ymin>48</ymin>
			<xmax>500</xmax>
			<ymax>370</ymax>
		</bndbox>
	</object>
</annotation>
