<annotation>
	<folder>Data</folder>
	<filename>im16275.jpg</filename>
	<path>C:\Users\sb16\Books\Data\im16275.jpg</path>
	<source>
		<database>Unknown</database>
	</source>
	<size>
		<width>375</width>
		<height>500</height>
		<depth>3</depth>
	</size>
	<segmented>0</segmented>
	<object>
		<name>bookcase</name>
		<pose>Unspecified</pose>
		<truncated>0</truncated>
		<difficult>0</difficult>
		<bndbox>
			<xmin>192</xmin>
			<ymin>34</ymin>
			<xmax>314</xmax>
			<ymax>324</ymax>
		</bndbox>
	</object>
</annotation>
