<annotation>
	<folder>Data</folder>
	<filename>im16698.jpg</filename>
	<path>C:\Users\sb16\Books\Data\im16698.jpg</path>
	<source>
		<database>Unknown</database>
	</source>
	<size>
		<width>372</width>
		<height>500</height>
		<depth>3</depth>
	</size>
	<segmented>0</segmented>
	<object>
		<name>book</name>
		<pose>Unspecified</pose>
		<truncated>1</truncated>
		<difficult>0</difficult>
		<bndbox>
			<xmin>3</xmin>
			<ymin>322</ymin>
			<xmax>368</xmax>
			<ymax>500</ymax>
		</bndbox>
	</object>
</annotation>
