<annotation>
	<folder>Data</folder>
	<filename>im17880.jpg</filename>
	<path>C:\Users\sb16\Books\Data\im17880.jpg</path>
	<source>
		<database>Unknown</database>
	</source>
	<size>
		<width>500</width>
		<height>330</height>
		<depth>3</depth>
	</size>
	<segmented>0</segmented>
	<object>
		<name>book</name>
		<pose>Unspecified</pose>
		<truncated>1</truncated>
		<difficult>0</difficult>
		<bndbox>
			<xmin>1</xmin>
			<ymin>151</ymin>
			<xmax>495</xmax>
			<ymax>231</ymax>
		</bndbox>
	</object>
</annotation>
