<annotation>
	<folder>Data</folder>
	<filename>im19386.jpg</filename>
	<path>C:\Users\sb16\Books\Data\im19386.jpg</path>
	<source>
		<database>Unknown</database>
	</source>
	<size>
		<width>500</width>
		<height>391</height>
		<depth>3</depth>
	</size>
	<segmented>0</segmented>
	<object>
		<name>book</name>
		<pose>Unspecified</pose>
		<truncated>0</truncated>
		<difficult>0</difficult>
		<bndbox>
			<xmin>172</xmin>
			<ymin>124</ymin>
			<xmax>268</xmax>
			<ymax>205</ymax>
		</bndbox>
	</object>
</annotation>
