<annotation>
	<folder>Data</folder>
	<filename>im3168.jpg</filename>
	<path>C:\Users\sb16\Books\Data\im3168.jpg</path>
	<source>
		<database>Unknown</database>
	</source>
	<size>
		<width>500</width>
		<height>375</height>
		<depth>3</depth>
	</size>
	<segmented>0</segmented>
	<object>
		<name>book</name>
		<pose>Unspecified</pose>
		<truncated>0</truncated>
		<difficult>0</difficult>
		<bndbox>
			<xmin>224</xmin>
			<ymin>23</ymin>
			<xmax>285</xmax>
			<ymax>85</ymax>
		</bndbox>
	</object>
</annotation>
