<annotation>
	<folder>Data</folder>
	<filename>im3269.jpg</filename>
	<path>C:\Users\sb16\Books\Data\im3269.jpg</path>
	<source>
		<database>Unknown</database>
	</source>
	<size>
		<width>500</width>
		<height>333</height>
		<depth>3</depth>
	</size>
	<segmented>0</segmented>
	<object>
		<name>book</name>
		<pose>Unspecified</pose>
		<truncated>1</truncated>
		<difficult>0</difficult>
		<bndbox>
			<xmin>222</xmin>
			<ymin>209</ymin>
			<xmax>411</xmax>
			<ymax>333</ymax>
		</bndbox>
	</object>
</annotation>
