<annotation>
	<folder>Data</folder>
	<filename>im5364.jpg</filename>
	<path>C:\Users\sb16\Books\Data\im5364.jpg</path>
	<source>
		<database>Unknown</database>
	</source>
	<size>
		<width>500</width>
		<height>434</height>
		<depth>3</depth>
	</size>
	<segmented>0</segmented>
	<object>
		<name>book</name>
		<pose>Unspecified</pose>
		<truncated>0</truncated>
		<difficult>0</difficult>
		<bndbox>
			<xmin>60</xmin>
			<ymin>262</ymin>
			<xmax>141</xmax>
			<ymax>283</ymax>
		</bndbox>
	</object>
</annotation>
