<annotation>
	<folder>Data</folder>
	<filename>im6091.jpg</filename>
	<path>C:\Users\sb16\Books\Data\im6091.jpg</path>
	<source>
		<database>Unknown</database>
	</source>
	<size>
		<width>500</width>
		<height>333</height>
		<depth>3</depth>
	</size>
	<segmented>0</segmented>
	<object>
		<name>book</name>
		<pose>Unspecified</pose>
		<truncated>1</truncated>
		<difficult>0</difficult>
		<bndbox>
			<xmin>250</xmin>
			<ymin>198</ymin>
			<xmax>500</xmax>
			<ymax>242</ymax>
		</bndbox>
	</object>
	<object>
		<name>book</name>
		<pose>Unspecified</pose>
		<truncated>1</truncated>
		<difficult>0</difficult>
		<bndbox>
			<xmin>251</xmin>
			<ymin>237</ymin>
			<xmax>500</xmax>
			<ymax>280</ymax>
		</bndbox>
	</object>
	<object>
		<name>book</name>
		<pose>Unspecified</pose>
		<truncated>1</truncated>
		<difficult>0</difficult>
		<bndbox>
			<xmin>262</xmin>
			<ymin>270</ymin>
			<xmax>500</xmax>
			<ymax>321</ymax>
		</bndbox>
	</object>
</annotation>
