<annotation>
	<folder>Data</folder>
	<filename>im9670.jpg</filename>
	<path>C:\Users\sb16\Books\Data\im9670.jpg</path>
	<source>
		<database>Unknown</database>
	</source>
	<size>
		<width>500</width>
		<height>333</height>
		<depth>3</depth>
	</size>
	<segmented>0</segmented>
	<object>
		<name>bookcase</name>
		<pose>Unspecified</pose>
		<truncated>0</truncated>
		<difficult>0</difficult>
		<bndbox>
			<xmin>114</xmin>
			<ymin>73</ymin>
			<xmax>243</xmax>
			<ymax>280</ymax>
		</bndbox>
	</object>
	<object>
		<name>bookcase</name>
		<pose>Unspecified</pose>
		<truncated>0</truncated>
		<difficult>0</difficult>
		<bndbox>
			<xmin>244</xmin>
			<ymin>74</ymin>
			<xmax>368</xmax>
			<ymax>280</ymax>
		</bndbox>
	</object>
</annotation>
